KODS,TIPS_CD,NOSAUKUMS,VKUR_CD,VKUR_TIPS,APSTIPR,APST_PAK,STATUSS,SORT_NOS,DAT_SAK,DAT_MOD,DAT_BEIG,ATRIB,STD
"100003366","104","Ainaži","100016606","113","Y","252","EKS","Ainaži","1999.03.16","2025.07.21","","0035200","Ainaži, Limbažu nov."
"100003077","104","Aizkraukle","100016630","113","Y","252","EKS","Aizkraukle","1967.01.10","2022.10.21","","0020200","Aizkraukle, Aizkraukles nov."
"100003300","104","Aizpute","100016495","113","Y","252","EKS","Aizpute","1999.03.16","2025.07.18","","0027200","Aizpute, Dienvidkurzemes nov."
"100003245","104","Aknīste","100016421","113","Y","252","EKS","Aknīste","1999.03.16","2025.09.15","","0031200","Aknīste, Jēkabpils nov."
"100003374","104","Aloja","100016606","113","Y","252","EKS","Aloja","1999.03.16","2025.07.21","","0035210","Aloja, Limbažu nov."
"100003108","104","Alūksne","100015694","113","Y","252","EKS","Alūksne","1999.03.16","2022.10.31","","0021200","Alūksne, Alūksnes nov."
"100003116","104","Ape","100016735","113","Y","252","EKS","Ape","1999.03.16","2026.07.23","","0049200","Ape, Smiltenes nov."
"100003204","104","Auce","100016622","113","Y","252","EKS","Auce","1999.03.16","2021.06.30","","0028200","Auce, Dobeles nov."
"100003542","104","Baldone","100016470","113","Y","252","EKS","Baldone","1999.03.16","2025.05.19","","0034200","Baldone, Ķekavas nov."
"100003550","104","Baloži","100016470","113","Y","252","EKS","Baloži","1999.03.16","2025.05.19","","0034210","Baloži, Ķekavas nov."
"100003124","104","Balvi","100016438","113","Y","252","EKS","Balvi","1999.03.16","2025.05.14","","0024200","Balvi, Balvu nov."
"100003140","104","Bauska","100016575","113","Y","252","EKS","Bauska","1999.03.16","2026.03.30","","0025200","Bauska, Bauskas nov."
"100003622","104","Brocēni","100016663","113","Y","252","EKS","Brocēni","1999.03.16","2025.07.22","","0046200","Brocēni, Saldus nov."
"100003848","104","Carnikava","100016501","113","Y","252","EKS","Carnikava","2026.08.22","2026.08.21","","0023210","Carnikava, Ādažu nov."
"100003446","104","Cesvaine","100016671","113","Y","252","EKS","Cesvaine","1999.03.16","2025.06.30","","0038200","Cesvaine, Madonas nov."
"100003157","104","Cēsis","100016487","113","Y","252","EKS","Cēsis","1999.03.16","2025.07.18","","0026200","Cēsis, Cēsu nov."
"100003278","104","Dagda","100016743","113","Y","252","EKS","Dagda","1999.03.16","2026.08.20","","0032200","Dagda, Krāslavas nov."
"100003011","104","Daugavpils","100000000","101","Y","252","EKS","Daugavpils","1999.03.16","2025.04.15","","0002000","Daugavpils"
"100003198","104","Dobele","100016622","113","Y","252","EKS","Dobele","1999.03.16","2025.07.19","","0028210","Dobele, Dobeles nov."
"100003317","104","Durbe","100016495","113","Y","252","EKS","Durbe","1999.03.16","2025.07.18","","0027210","Durbe, Dienvidkurzemes nov."
"100003325","104","Grobiņa","100016495","113","Y","252","EKS","Grobiņa","1999.03.16","2025.07.18","","0027220","Grobiņa, Dienvidkurzemes nov."
"100003212","104","Gulbene","100015854","113","Y","252","EKS","Gulbene","1999.03.16","2025.07.21","","0029200","Gulbene, Gulbenes nov."
"100003784","104","Iecava","100016575","113","Y","252","EKS","Iecava","2021.07.01","2026.03.30","","0025210","Iecava, Bauskas nov."
"100003487","104","Ikšķile","100016688","113","Y","252","EKS","Ikšķile","1992.12.17","2026.08.19","","0040200","Ikšķile, Ogres nov."
"100003173","104","Ilūkste","100016462","113","Y","252","EKS","Ilūkste","1999.03.16","2025.05.14","","0022200","Ilūkste, Augšdaugavas nov."
"100003085","104","Jaunjelgava","100016630","113","Y","252","EKS","Jaunjelgava","1996.05.29","2022.08.03","","0020210","Jaunjelgava, Aizkraukles nov."
"100003028","104","Jelgava","100000000","101","Y","252","EKS","Jelgava","1999.03.16","2025.04.08","","0003000","Jelgava"
"100003237","104","Jēkabpils","100000000","101","Y","252","DEL","Jēkabpils","1999.03.16","2025.04.27","2021.06.30","0110000","Jēkabpils"
"100003776","104","Jēkabpils","100016421","113","Y","252","EKS","Jēkabpils","2021.07.01","2025.09.15","","0031010","Jēkabpils, Jēkabpils nov."
"100003036","104","Jūrmala","100000000","101","Y","252","EKS","Jūrmala","1999.03.16","2025.04.24","","0004000","Jūrmala"
"100003220","104","Kalnciems","100015895","113","Y","252","DEL","Kalnciems","1999.03.16","2025.04.27","2010.02.15","0540211","Kalnciems, Jelgavas nov."
"100003688","104","Kandava","100016710","113","Y","252","EKS","Kandava","1999.03.16","2025.07.22","","0052200","Kandava, Tukuma nov."
"100003792","104","Koknese","100016630","113","Y","252","EKS","Koknese","2021.07.01","2022.04.19","","0020220","Koknese, Aizkraukles nov."
"100003261","104","Krāslava","100016743","113","Y","252","EKS","Krāslava","1999.03.16","2026.08.20","","0032210","Krāslava, Krāslavas nov."
"100003286","104","Kuldīga","100016696","113","Y","252","EKS","Kuldīga","1999.03.16","2021.06.30","","0033200","Kuldīga, Kuldīgas nov."
"100003413","104","Kārsava","100016751","113","Y","252","EKS","Kārsava","1999.03.16","2025.07.21","","0037200","Kārsava, Ludzas nov."
"100003501","104","Lielvārde","100016688","113","Y","252","EKS","Lielvārde","1999.03.16","2025.07.22","","0040220","Lielvārde, Ogres nov."
"100003044","104","Liepāja","100000000","101","Y","252","EKS","Liepāja","1999.03.16","2025.04.15","","0005000","Liepāja"
"100003358","104","Limbaži","100016606","113","Y","252","EKS","Limbaži","1999.03.16","2025.07.21","","0035220","Limbaži, Limbažu nov."
"100003454","104","Lubāna","100016671","113","Y","252","EKS","Lubāna","1999.03.16","2022.09.29","","0038210","Lubāna, Madonas nov."
"100003405","104","Ludza","100016751","113","Y","252","EKS","Ludza","1999.03.16","2025.07.21","","0037210","Ludza, Ludzas nov."
"100003165","104","Līgatne","100016487","113","Y","252","EKS","Līgatne","1999.03.16","2022.10.05","","0026210","Līgatne, Cēsu nov."
"100003526","104","Līvāni","100015243","113","Y","252","EKS","Līvāni","1999.03.16","2025.07.19","","0036200","Līvāni, Līvānu nov."
"100003438","104","Madona","100016671","113","Y","252","EKS","Madona","1999.03.16","2025.06.30","","0038220","Madona, Madonas nov."
"100003743","104","Mazsalaca","100016647","113","Y","252","EKS","Mazsalaca","1999.03.16","2025.07.21","","0054200","Mazsalaca, Valmieras nov."
"100003815","104","Mārupe","100016583","113","Y","252","EKS","Mārupe","2022.07.01","2022.07.01","","0039200","Mārupe, Mārupes nov."
"100003470","104","Ogre","100016688","113","Y","252","EKS","Ogre","1999.03.16","2025.07.22","","0040010","Ogre, Ogres nov."
"100003567","104","Olaine","100016077","113","Y","252","EKS","Olaine","1999.03.16","2025.07.21","","0041200","Olaine, Olaines nov."
"100003768","104","Piltene","100016333","113","Y","252","EKS","Piltene","1999.03.16","2025.04.16","","0056200","Piltene, Ventspils nov."
"100003518","104","Preiļi","100016727","113","Y","252","EKS","Preiļi","1999.03.16","2025.10.21","","0042200","Preiļi, Preiļu nov."
"100003341","104","Priekule","100016495","113","Y","252","EKS","Priekule","1999.03.16","2025.07.19","","0027240","Priekule, Dienvidkurzemes nov."
"100003333","104","Pāvilosta","100016495","113","Y","252","EKS","Pāvilosta","1999.03.16","2025.07.19","","0027230","Pāvilosta, Dienvidkurzemes nov."
"100003093","104","Pļaviņas","100016630","113","Y","252","EKS","Pļaviņas","1999.03.16","2022.08.03","","0020230","Pļaviņas, Aizkraukles nov."
"100003052","104","Rēzekne","100000000","101","Y","252","EKS","Rēzekne","1999.03.16","2025.04.14","","0006000","Rēzekne"
"100003003","104","Rīga","100000000","101","Y","252","EKS","Rīga","1999.03.16","2025.04.14","","0001000","Rīga"
"100003751","104","Rūjiena","100016647","113","Y","252","EKS","Rūjiena","1999.03.16","2025.07.21","","0054210","Rūjiena, Valmieras nov."
"100003647","104","Sabile","100016390","113","Y","252","EKS","Sabile","1999.03.16","2021.06.30","","0051200","Sabile, Talsu nov."
"100003382","104","Salacgrīva","100016606","113","Y","252","EKS","Salacgrīva","1999.03.16","2025.07.21","","0035230","Salacgrīva, Limbažu nov."
"100003575","104","Salaspils","100015485","113","Y","252","EKS","Salaspils","1993.12.09","2021.06.30","","0045200","Salaspils, Salaspils nov."
"100003614","104","Saldus","100016663","113","Y","252","EKS","Saldus","1999.03.16","2022.09.29","","0046210","Saldus, Saldus nov."
"100003583","104","Saulkrasti","100016550","113","Y","252","EKS","Saulkrasti","1999.03.16","2025.05.16","","0047200","Saulkrasti, Saulkrastu nov."
"100003702","104","Seda","100016647","113","Y","252","EKS","Seda","1999.03.16","2025.07.21","","0054220","Seda, Valmieras nov."
"100003591","104","Sigulda","100016768","113","Y","252","EKS","Sigulda","1999.03.16","2025.07.22","","0048200","Sigulda, Siguldas nov."
"100003294","104","Skrunda","100016696","113","Y","252","EKS","Skrunda","1996.01.31","2025.07.21","","0033210","Skrunda, Kuldīgas nov."
"100003710","104","Smiltene","100016735","113","Y","252","EKS","Smiltene","1999.03.16","2026.07.23","","0049210","Smiltene, Smiltenes nov."
"100003390","104","Staicele","100016606","113","Y","252","EKS","Staicele","1992.01.30","2025.07.21","","0035240","Staicele, Limbažu nov."
"100003655","104","Stende","100016390","113","Y","252","EKS","Stende","1999.03.16","2021.06.30","","0051210","Stende, Talsu nov."
"100003727","104","Strenči","100016647","113","Y","252","EKS","Strenči","1999.03.16","2025.07.21","","0054230","Strenči, Valmieras nov."
"100003181","104","Subate","100016462","113","Y","252","EKS","Subate","1999.03.16","2025.05.14","","0022210","Subate, Augšdaugavas nov."
"100003630","104","Talsi","100016390","113","Y","252","EKS","Talsi","1999.03.16","2025.04.16","","0051220","Talsi, Talsu nov."
"100003671","104","Tukums","100016710","113","Y","252","EKS","Tukums","1999.03.16","2025.07.22","","0052210","Tukums, Tukuma nov."
"100003663","104","Valdemārpils","100016390","113","Y","252","EKS","Valdemārpils","1999.03.16","2021.06.30","","0051230","Valdemārpils, Talsu nov."
"100003696","104","Valka","100016286","113","Y","252","EKS","Valka","1999.03.16","2025.07.21","","0053200","Valka, Valkas nov."
"100003807","104","Valmiera","100016647","113","Y","252","EKS","Valmiera","2021.07.01","2021.06.30","","0054010","Valmiera, Valmieras nov."
"100003735","104","Valmiera","100000000","101","Y","252","DEL","Valmiera","1999.03.16","2025.04.27","2021.06.30","0250000","Valmiera"
"100003606","104","Vangaži","100016784","113","Y","252","EKS","Vangaži","1999.03.16","2025.05.08","","0044200","Vangaži, Ropažu nov."
"100003462","104","Varakļāni","100016671","113","Y","252","EKS","Varakļāni","1999.03.16","2025.06.30","","0038231","Varakļāni, Madonas nov."
"100003060","104","Ventspils","100000000","101","Y","252","EKS","Ventspils","1999.03.16","2025.04.16","","0007000","Ventspils"
"100003253","104","Viesīte","100016421","113","Y","252","EKS","Viesīte","1999.03.16","2025.09.15","","0031210","Viesīte, Jēkabpils nov."
"100003132","104","Viļaka","100016438","113","Y","252","EKS","Viļaka","1999.03.16","2025.05.14","","0024210","Viļaka, Balvu nov."
"100003534","104","Viļāni","100016542","113","Y","252","EKS","Viļāni","1999.03.16","2025.07.22","","0043200","Viļāni, Rēzeknes nov."
"100003421","104","Zilupe","100016751","113","Y","252","EKS","Zilupe","1999.03.16","2025.07.21","","0037220","Zilupe, Ludzas nov."
"100003823","104","Ādaži","100016501","113","Y","252","EKS","Ādaži","2022.07.01","2022.07.01","","0023200","Ādaži, Ādažu nov."
"100003495","104","Ķegums","100016688","113","Y","252","EKS","Ķegums","1993.04.03","2025.07.22","","0040210","Ķegums, Ogres nov."
"100003831","104","Ķekava","100016470","113","Y","252","EKS","Ķekava","2022.07.01","2022.07.01","","0034220","Ķekava, Ķekavas nov."
