ID,Hospital Name,City,Latitude,Longitude,Address
1,Valsts SIA "Bērnu klīniskā universitātes slimnīca",Rīga,56.9478,24.1059,
2,Valsts SIA "Paula Stradiņa Klīniskā universitātes slimnīca",Rīga,56.9506,24.1247,
3,SIA "Rīgas Austrumu klīniskā universitātes slimnīca",Rīga,56.9539,24.1833,
4,SIA "Jūrmalas slimnīca",Jūrmala,56.9644,23.7717,
5,SIA "Ogres rajona slimnīca",Ogre,56.8458,24.6069,
6,SIA "Tukuma slimnīca",Tukums,56.9669,23.1481,
7,SIA "Liepājas reģionālā slimnīca",Liepāja,56.5042,21.0097,
8,SIA "Ziemeļkurzemes reģionālā slimnīca",Ventspils,57.3942,21.5603,
9,SIA "Kuldīgas slimnīca",Kuldīga,56.9792,21.9719,
10,SIA "Daugavpils reģionālā slimnīca",Daugavpils,55.8881,26.5392,
11,SIA "Rēzeknes slimnīca",Rēzekne,55.8928,27.3286,
12,SIA "Preiļu slimnīca",Preiļi,55.9167,26.7167,
13,SIA "Krāslavas slimnīca",Krāslava,55.9000,27.8167,
14,SIA "Līvānu slimnīca",Līvāni,56.3667,26.1667,
15,SIA "Ludzas medicīnas centrs",Ludza,56.5333,27.7167,
16,SIA "Vidzemes slimnīca",Valmiera,57.5389,25.4228,
17,Madonas novada pašvaldības SIA "Madonas slimnīca",Madona,56.8500,25.6333,
18,SIA "Balvu un Gulbenes slimnīcu apvienība",Balvi,57.3333,26.8167,
19,SIA "Cēsu klīnika",Cēsis,57.3119,25.2781,
20,SIA "Alūksnes slimnīca",Alūksne,57.4333,27.0167,
21,SIA "Limbazu slimnīca",Limbazi,57.5000,24.7167,
22,SIA "Jelgavas pilsētas slimnīca",Jelgava,56.6500,23.7167,
23,SIA "Jēkabpils reģionālā slimnīca",Jēkabpils,56.5000,25.8667,
24,SIA "Dobeles un apkārtnes slimnīca",Dobele,56.6333,23.2833,
25,SIA "Aizkraukles klīnika",Aizkraukle,56.6000,25.1500,
26,SIA "Bauskas slimnīca",Bauska,56.4167,24.0000,
27,Valsts SIA "Traumatoloģijas un ortopēdijas slimnīca",Rīga,56.9494,24.0853,
28,Rīgas pašvaldības SIA "Rīgas 2.slimnīca",Rīga,56.9739,24.1525,
29,Valsts SIA "Nacionālais rehabilitācijas centrs Vaivari",Rīga,56.9083,24.0550,
30,Rīgas pašvaldības SIA "Rīgas Dzemdību nams",Rīga,56.9514,24.0961,
31,Valsts SIA "Nacionālais psihisks veselības centrs",Rīga,57.0167,24.1167,
32,Valsts SIA "Strenču psihoneirologiskā slimnīca",Strenči,57.6667,25.6000,
33,Valsts SIA "Slimnīca Adazi",Rīga,57.0167,24.1167,
34,Valsts SIA "Daugavpils psihoneirologiskā slimnīca",Daugavpils,55.8881,26.5392,
35,SIA "Siguldas slimnīca",Sigulda,57.1614,24.8528,
36,VSIA "Piejūras slimnīca",Piejūra,57.1667,22.5167,
37,VSIA "Bērnu psihoneirologiskā slimnīca Ainazi",Ainazi,57.8667,25.2167,
