CITY_ID,PARA_ID,DATUMS,VERTIBA
"P118","4","2026-10-10 04:00:00","4.7"
"P118","5","2026-10-10 04:00:00","250"
"P118","6","2026-10-10 04:00:00","13.6"
"P118","7","2026-10-10 04:00:00",".01"
"P118","8","2026-10-10 04:00:00","999.5"
"P118","9","2026-10-10 04:00:00","83.3"
"P118","11","2026-10-10 04:00:00","0"
"P118","1","2026-10-10 05:00:00","2104"
"P118","2","2026-10-10 05:00:00","8.8"
"P118","3","2026-10-10 05:00:00","6.3"
"P118","4","2026-10-10 05:00:00","4.4"
"P118","5","2026-10-10 05:00:00","250"
"P118","6","2026-10-10 05:00:00","12.3"
"P118","7","2026-10-10 05:00:00","0"
"P118","8","2026-10-10 05:00:00","1000.5"
"P118","9","2026-10-10 05:00:00","82.2"
"P118","11","2026-10-10 05:00:00","0"
"P118","1","2026-10-10 06:00:00","2104"
"P118","2","2026-10-10 06:00:00","8.2"
"P118","3","2026-10-10 06:00:00","5.7"
"P118","4","2026-10-10 06:00:00","4.2"
"P118","5","2026-10-10 06:00:00","240"
"P118","6","2026-10-10 06:00:00","11.2"
"P118","7","2026-10-10 06:00:00","0"
"P118","8","2026-10-10 06:00:00","1001.2"
"P118","9","2026-10-10 06:00:00","84.1"
"P118","11","2026-10-10 06:00:00","0"
"P118","1","2026-10-10 07:00:00","2102"
"P118","2","2026-10-10 07:00:00","6.5"
"P118","3","2026-10-10 07:00:00","3.8"
"P118","4","2026-10-10 07:00:00","3.9"
"P118","5","2026-10-10 07:00:00","230"
"P118","6","2026-10-10 07:00:00","10.5"
"P118","7","2026-10-10 07:00:00","0"
"P118","8","2026-10-10 07:00:00","1001.6"
"P118","9","2026-10-10 07:00:00","85.8"
"P118","11","2026-10-10 07:00:00","0"
"P118","1","2026-10-10 08:00:00","2102"
"P118","2","2026-10-10 08:00:00","6.5"
