PARAM_ID,NOSAUKUMS,DESCRIPTION
"1","Laika apstākļu piktogramma","Weather symbol"
"2","Temperatūra (°C)","Temperature (°C)"
"3","Sajūtu temperatūra (°C)","Apparent temperature (°C)"
"4","Vēja ātrums (m/s)","Wind speed (m/s)"
"5","Vēja virziens (°)","Wind direction (°)"
"6","Brāzmas (m/s)","Wind gust (m/s)"
"7","Nokrišņi (mm)","Precipitation (mm)"
"8","Atmosfēras spiediens (hPa)","Pressure, (hPa)"
"9","Gaisa relatīvais mitrums (%)","Relative humidity (%)"
"10","UV indekss (0-10)","UV index (0-10)"
"11","Pērkona negaisa varbūtība (%)","Thunderstorm probability (%)"
"12","Diennakts vidējais vēja virziens (°)","Mean wind direction in 24h (°)"
"13","Diennakts vidējā vēja vērtība (m/s)","Mean wind speed in 24h (m/s)"
"14","Diennakts maksimālā vēja brāzma (m/s)","Maximal wind gust in 24h (m/s)"
"15","Diennakts maksimālā temperatūra (°C)","Maximal temperature in 24h (°C)"
"16","Diennakts minimālā temperatūra (°C)","Minimal temperature in 24h (°C)"
"17","Diennakts nokrišņu summa (mm)","Total precipitation in 24h (mm)"
"18","Diennakts nokrišņu varbūtība (%)","Probability of precipitation in 24h (%)"
"19","Laika apstākļu piktogramma nakti","Nighttime weather symbol"
"20","Laika apstākļu piktogramma diena","Daytime weather symbol"
