CITY_ID,NOSAUKUMS,LAT,LON,TIPS,PAGASTS_NOVADS
"P771","Valdemārpils","57.369217","22.590887","pilsēta","Valdemārpils, Talsu nov."
"P772","Sabile","57.045385","22.570468","pilsēta","Sabile, Talsu nov."
"P861","Durbe","56.586153","21.377957","pilsēta","Durbe, Dienvidkurzemes nov."
"P862","Rēzekne","56.508805","27.33939","pilsēta","Rēzekne"
"P863","Balvi","57.130431","27.265673","pilsēta","Balvi, Balvu nov."
"P864","Viļaka","57.185899","27.68569","pilsēta","Viļaka, Balvu nov."
"P865","Dagda","56.096697","27.531297","pilsēta","Dagda, Krāslavas nov."
"P866","Krāslava","55.896378","27.173549","pilsēta","Krāslava, Krāslavas nov."
"P868","Gulbene","57.172437","26.755545","pilsēta","Gulbene, Gulbenes nov."
"P869","Seda","57.652733","25.751359","pilsēta","Seda, Valmieras nov."
"P870","Strenči","57.628198","25.695873","pilsēta","Strenči, Valmieras nov."
"P901","Podkājas","57.01005","24.545935","ciems","Podkājas, Ropažu pag., Ropažu nov."
"P902","Sērmūkši","57.122884","25.511415","ciems","Sērmūkši, Skujenes pag., Cēsu nov."
"P903","Zemgale","55.970837","26.355282","ciems","Zemgale, Sventes pag., Augšdaugavas nov."
