WEATHER_WARNING_EV_ID,POLIGON_ID,LAT,LON,NPK
"28227","23800","56.87079","24.27511","1"
"28227","23800","56.86735","24.285","2"
"28227","23800","56.86329","24.29669","3"
"28227","23800","56.86009","24.30709","4"
"28227","23800","56.8578","24.29728","5"
"28227","23800","56.85711","24.29145","6"
"28227","23800","56.85728","24.28773","7"
"28227","23800","56.85795","24.28473","8"
"28227","23800","56.85803","24.28368","9"
"28227","23800","56.8587","24.27797","10"
"28227","23800","56.85896","24.27271","11"
"28227","23800","56.85955","24.26866","12"
"28227","23800","56.86071","24.2631","13"
"28227","23800","56.86119","24.26067","14"
"28227","23800","56.86357","24.25765","15"
"28227","23800","56.86304","24.25609","16"
"28227","23800","56.86774","24.25113","17"
"28227","23800","56.87275","24.23988","18"
"28227","23800","56.87755","24.21777","19"
"28227","23800","56.88309","24.20268","20"
"28227","23800","56.88328","24.20217","21"
"28227","23800","56.89685","24.18921","22"
"28227","23800","56.90209","24.17968","23"
"28227","23800","56.907","24.17041","24"
"28227","23800","56.90453","24.16467","25"
"28227","23800","56.90486","24.15801","26"
"28227","23800","56.90504","24.15338","27"
"28227","23800","56.90693","24.15339","28"
"28227","23800","56.90874","24.15219","29"
"28227","23800","56.9099","24.1513","30"
"28227","23800","56.90927","24.14619","31"
"28227","23800","56.90884","24.14638","32"
"28227","23800","56.90549","24.14783","33"
"28227","23800","56.90062","24.14748","34"
"28227","23800","56.89694","24.14831","35"
"28227","23800","56.89582","24.14427","36"
"28227","23800","56.90006","24.13875","37"
"28227","23800","56.89938","24.13545","38"
"28227","23800","56.89806","24.13093","39"
"28227","23800","56.89848","24.12612","40"
"28227","23800","56.89807","24.12356","41"
"28227","23800","56.89659","24.12355","42"
"28227","23800","56.8942","24.11843","43"
"28227","23800","56.89512","24.11181","44"
"28227","23800","56.89495","24.11","45"
"28227","23800","56.8938","24.10684","46"
"28227","23800","56.892","24.10067","47"
"28227","23800","56.88087","24.1046","48"
"28227","23800","56.87703","24.07655","49"
"28227","23800","56.87783","24.07013","50"
"28227","23800","56.88068","24.07095","51"
"28227","23800","56.88686","24.0727","52"
"28227","23800","56.89376","24.07531","53"
"28227","23800","56.8964","24.07612","54"
"28227","23800","56.90488","24.07904","55"
"28227","23800","56.90583","24.07587","56"
"28227","23800","56.90867","24.07666","57"
"28227","23800","56.91262","24.04552","58"
"28227","23800","56.91499","24.04438","59"
"28227","23800","56.91645","24.04396","60"
"28227","23800","56.91855","24.04092","61"
"28227","23800","56.91951","24.04053","62"
"28227","23800","56.91953","24.04053","63"
"28227","23800","56.92759","24.03725","64"
"28227","23800","56.92781","24.03246","65"
"28227","23800","56.9281","24.02892","66"
"28227","23800","56.92853","24.02377","67"
"28227","23800","56.92867","24.02256","68"
"28227","23800","56.92925","24.01785","69"
"28227","23800"