WEATHER_WARNING_EV_ID,NOV_ID
"28210","1"
"28210","2"
"28210","3"
"28210","4"
"28210","5"
"28210","6"
"28210","7"
"28210","8"
"28210","9"
"28210","10"
"28210","11"
"28210","12"
"28210","13"
"28210","14"
"28210","15"
"28210","16"
"28210","17"
"28210","18"
"28210","19"
"28210","20"
"28210","21"
"28210","22"
"28210","23"
"28210","24"
"28210","25"
"28210","26"
"28210","27"
"28210","28"
"28210","29"
"28210","30"
"28210","31"
"28210","32"
"28210","33"
"28210","34"
"28210","35"
"28210","36"
"28210","37"
"28210","38"
"28210","39"
"28210","40"
"28210","41"
"28210","42"
"28210","43"
"28210","44"
"28210","45"
"28210","46"
"28227","43"
