id,nosaukums,adrese,tips,x,y
8958,"Vidzemes slimnīca, SIA","Valmieras nov., Valmiera, Jumaras iela 195",Hospitalizācijas iestāde,25.385005,57.518103
4482,"Liepājas reģionālā slimnīca, SIA","Liepāja, Slimnīcas iela 25",Hospitalizācijas iestāde,21.099837,56.552791
6345,"Bauskas slimnīca, SIA","Bauskas nov., Bauska, Dārza iela 7 k-1",Hospitalizācijas iestāde,24.192217,56.408505
8839,"Tukuma slimnīca, SIA","Tukuma nov., Tukums, Raudas iela 8",Hospitalizācijas iestāde,23.156353,56.969046
8266,"Siguldas slimnīca, SIA","Siguldas nov., Sigulda, Lakstīgalas iela 13",Hospitalizācijas iestāde,24.844322,57.15672
6144,"Ādažu slimnīca, PSIA","Ādažu nov., Ādaži, Gaujas iela 13/15",Hospitalizācijas iestāde,24.325077,57.077718
8247,"Preiļu slimnīca, SIA","Preiļu nov., Preiļi, Raiņa bulvāris 13",Hospitalizācijas iestāde,26.726991,56.291619
7144,"Madonas slimnīca, PSIA","Madonas nov., Madona, Rūpniecības iela 38",Hospitalizācijas iestāde,26.23665,56.851266
6297,"PRIEKULES SLIMNĪCA, SIA","Dienvidkurzemes nov., Priekule, Aizputes iela 5",Hospitalizācijas iestāde,21.583631,56.44195
7275,"Krāslavas slimnīca, SIA","Krāslavas nov., Krāslava, Rīgas iela 159",Hospitalizācijas iestāde,27.174832,55.886701
7126,"Jēkabpils reģionālā slimnīca, SIA","Jēkabpils nov., Jēkabpils, Andreja Pormaļa iela 125",Hospitalizācijas iestāde,25.841992,56.49706
7329,"Balvu un Gulbenes slimnīcu apvienība, SIA(Gulbene)","Gulbenes nov., Gulbene, Upes iela 1",Hospitalizācijas iestāde,26.764038,57.156733
6795,"Dobeles un apkārtnes slimnīca, SIA","Dobeles nov., Dobele, Ādama iela 2",Hospitalizācijas iestāde,23.26945,56.622028
6349,"Cēsu Klīnika, SIA","Cēsu nov., Cēsis, Slimnīcas iela 9",Hospitalizācijas iestāde,25.255865,57.315526
6906,"Balvu un Gulbenes slimnīcu apvienība, SIA(Balvi)","Balvu nov., Balvi, Vidzemes iela 2",Hospitalizācijas iestāde,27.255491,57.14008
6319,"Aizkraukles slimnīca, SIA","Aizkraukles nov., Aizkraukle, Bērzu iela 5",Hospitalizācijas iestāde,25.254246,56.603151
5296,"Rēzeknes slimnīca, SIA","Rēzekne, 18. Novembra iela 41",Hospitalizācijas iestāde,27.342849,56.507909
4456,Piejūras slimnīca,"Liepāja, Jūrmalas iela 2",Hospitalizācijas iestāde,20.997011,56.49997
4252,"Jūrmalas slimnīca, SIA","Jūrmala, Vienības prospekts 19/21",Hospitalizācijas iestāde,23.858937,56.980644
5006,"JELGAVAS PILSĒTAS SLIMNĪCA, SIA","Jelgava, Brīvības bulvāris 6",Hospitalizācijas iestāde,23.750239,56.657248
5240,Daugavpils reģionālā slimnīca filiāle 1 Tub.,"Daugavpils, 18. Novembra iela 311",Hospitalizācijas iestāde,26.590508,55.89242
5368,"Daugavpils reģionālā slimnīca, SIA","Daugavpils, Vasarnīcu iela 20",Hospitalizācijas iestāde,26.591913,55.898366
1526,Traumatoloģijas un ortopēdijas slimnīca(TOS),"Rīga, Duntes iela 22",Hospitalizācijas iestāde,24.136919,56.983294
1348,RAKUS Gaiļezers,"Rīga, Hipokrāta iela 2",Hospitalizācijas iestāde,24.244365,56.96762
1190,"Rīgas 2. slimnīca, SIA","Rīga, Ģimnastikas iela 1",Hospitalizācijas iestāde,24.090713,56.916603
1444,RAKUS bērnu slimnīca,"Rīga, Juglas iela 20",Hospitalizācijas iestāde,24.254106,56.960023
1200,RAKUS Biķernieki,"Rīga, Lielvārdes iela 68",Hospitalizācijas iestāde,24.197439,56.968542
1186,RAKUS Latvijas Infektoloģijas centrs,"Rīga, Linezera iela 3",Hospitalizācijas iestāde,24.198386,56.977108
3169,"Bērnu KUS, Torņakalns","Rīga, Vienības gatve 45",Hospitalizācijas iestāde,24.088059,56.92198
7807,"Saulkrastu slimnīca, Pašvaldības SIA","Saulkrastu nov., Saulkrasti, Ainažu iela 34",Hospitalizācijas iestāde,24.416676,57.273598
6840,"Limbažu slimnīca, SIA","Limbažu nov., Limbaži, Klostera iela 3",Hospitalizācijas iestāde,24.716872,57.515329
7109,"Kuldīgas slimnīca, SIA","Kuldīgas nov., Kuldīga, Aizputes iela 22",Hospitalizācijas iestāde,21.955024,56.961035
6128,"Auces slimnīca, Auces PSIA","Dobeles nov., Auce, Tehnikas iela 12",Hospitalizācijas iestāde,22.887062,56.455041
5938,Alūksnes slimnīca,"Alūksnes nov., Alūksne, Pils iela 1",Hospitalizācijas iestāde,27.03964,57.437377
4920,"Ziemeļkurzemes reģionālā slimnīca, SIA(Ventspils)","Ventspils, Inženieru iela 60",Hospitalizācijas iestāde,21.543826,57.387104
6849,"Ludzas medicīnas centrs, SIA(slimnīca)","Ludzas nov., Ludza, Raiņa iela 43",Hospitalizācijas iestāde,27.714073,56.542855
1265,RAKUS Latvijas Onkoloģijas centrs,"Rīga, Hipokrāta iela 4",Hospitalizācijas iestāde,24.241284,56.965672
2718,P.Stradiņa KUS,"Rīga, Pilsoņu iela 13",Hospitalizācijas iestāde,24.06402,56.9325
1609,RAKUS Tuberkulozes un plaušu slimību centrs,"Ropažu nov., Stopiņu pag., Upeslejas Tuberkulozes un plaušu slimību valsts centrs (AGRĀK: ""Tuberkulozes un plaušu slimību valsts centrs"", Upeslejas, Stopiņu nov., LV-2118)",Hospitalizācijas iestāde,24.376939,56.92785
7150,"Līvānu slimnīca, PSIA","Līvānu nov., Līvāni, Zaļā iela 44",Hospitalizācijas iestāde,26.173726,56.354344
8050,"Ogres slimnīca, SIA","Ogres nov., Ogre, Slimnīcas iela 2",Hospitalizācijas iestāde,24.619729,56.819598
5187,"Ziemeļkurzemes reģionālā slimnīca, SIA(Talsi)","Talsu nov., Talsi, Stendes iela 1",Hospitalizācijas iestāde,22.59217,57.238336
8982,"Vidzemes slimnīca, SIA filiāle 3","Valmieras nov., Rūjiena, Valdemāra iela 26",Ārstniecības iestāde,25.325822,57.889602
8110,"Sarkanā Krusta Smiltenes slimnīca, SIA","Smiltenes nov., Smiltene, Dakteru iela 14",Ārstniecības iestāde,25.91454,57.425037
8043,"Ērgļu slimnīca, PSIA","Madonas nov., Ērgļu pag., Parka iela 7",Ārstniecības iestāde,25.64112,56.893469
8879,"Mazsalacas slimnīca, SIA","Valmieras nov., Mazsalaca, Parka iela 14",Ārstniecības iestāde,25.049604,57.861794
8182,Olaines cietuma slimnīca,"Olaines nov., Olaine, Rīgas iela 10",Ārstniecības iestāde,23.944712,56.794467
9027,"Irlavas Sarkanā Krusta slimnīca, SIA","Tukuma nov., Irlavas pag., Irlava, Irlavas Sarkanā krusta slimnīca",Ārstniecības iestāde,22.988226,56.877926
423,"Rīgas 1. slimnīca, PSIA","Rīga, Bruņinieku iela 5",Ārstniecības iestāde,24.12456,56.96036
5337,"Ziemeļkurzemes reģionālā slimnīca, SIA(ambulatorā)","Ventspils, Pētera iela 33",Ārstniecības iestāde,21.545668,57.38753
2390,"Latvijas Jūras medicīnas centrs, AS","Rīga, Patversmes iela 27",Ārstniecības iestāde,24.136799,56.989489
15352,Aknīstes psihoneiroloģiskā slimnīca,"Jēkabpils nov., Gārsenes pag., Kraujas Alejas",,25.790062,56.12712
13776,"Bērnu KUS, Gaiļezers","Rīga, Juglas iela 20",,24.254106,56.960023
15861,"BĒRNU PSIHONEIROLOĢISKĀ SLIMNĪCA ""AINAŽI""","Limbažu nov., Ainaži, Valdemāra iela 46",,24.357859,57.862667
14021,Daugavpils psihoneiroloģiskā slimnīca,"Daugavpils, Lielā Dārza iela 60/62",,26.562375,55.877479
12031,"Latvijas plastiskās, rekonstruktīvās un mikroķ.c.","Rīga, Hipokrāta iela 2",,24.244365,56.96762
12168,"Nacionālais rehabilitācijas centrs ""Vaivari""","Jūrmala, Asaru prospekts 61",,23.667731,56.9591
13773,"P.Stradiņa KUS, Valsts Zobārstn. un sejas ķir.c.","Rīga, Dzirciema iela 20",,24.053818,56.954817
13024,RAKUS Linezers,"Rīga, Linezera iela 6",,24.197715,56.975435
17863,"RAKUS, SIA Valsts patoloģijas centrs","Rīga, Hipokrāta iela 2 k-5",,24.247203,56.964936
14639,Rīgas Dzemdību nams,"Rīga, Miera iela 45",,24.133276,56.966651
13784,Rīgas psihiatrijas un narkoloģijas centrs,"Rīga, Tvaika iela 2",,24.12208,56.994997
16519,"Saldus medicīnas centrs, SIA","Saldus nov., Saldus, Slimnīcas iela 3",,22.491365,56.671617
17520,"Sarkanā Krusta Smiltenes sl., Ilgstoša soc.aprūpe","Smiltenes nov., Smiltene, Dakteru iela 14",,25.91454,57.425037
12929,"Slimnīca ""Ģintermuiža""","Jelgava, Filozofu iela 69",,23.692468,56.638022
16847,Strenču psihoneiroloģiskā slimnīca,"Valmieras nov., Strenči, Valkas iela 11",,25.697689,57.627702
16588,"TALSU SANUS, SIA","Talsu nov., Talsi, Voldemāra Ruģēna iela 7",,22.599886,57.243366
13792,Valsts tiesu medicīnas ekspertīzes centrs,"Rīga, Hipokrāta iela 2 k-6",,24.247646,56.965479
14319,"Vidzemes slimnīca, filiāle 2","Valkas nov., Valka, Rūjienas iela 3",,26.011854,57.785953
