id,nosaukums,adrese,x,y
0-Ādažu novada pašvaldības policija-Ādaži,Ādažu novada pašvaldības policija,"Depo iela 2, Ādaži",24.321196,57.072767
1-Ādažu novada pašvaldības policija-Carnikava,Ādažu novada pašvaldības policija,"Stacijas iela 7, Carnikava",24.278324,57.12863
2-Cēsu novada pašvaldības policija-Cēsis,Cēsu novada pašvaldības policija,"Bērzaines iela 5, Cēsis",25.263586,57.311996
3-Daugavpils pilsētas pašvaldības policija-Daugavpils,Daugavpils pilsētas pašvaldības policija,"Muzeja iela 6, Daugavpils",26.513636,55.868187
4-Kuldīgas novada pašvaldības policija-Kuldīga,Kuldīgas novada pašvaldības policija,"Strautu iela 1, Kuldīga",21.969883,56.967332
5-Pašvaldības policija-Ikšķile,Pašvaldības policija,"Dainu iela 1, Ikšķile",24.498324,56.839085
6-Pašvaldības policija-Liepāja,Pašvaldības policija,"Jelgavas iela 48, Liepāja",21.013686,56.51815
7-Pašvaldības policija-Ropaži,Pašvaldības policija,"Stārasti, Ropaži",24.642347,56.970965
8-Pašvaldības policija-Jelgava,Pašvaldības policija,"Mazais ceļš 3, Jelgava",23.710404,56.647355
9-Pašvaldības policija-Jūrmala,Pašvaldības policija,"Dubultu prospekts 2, Jūrmala",23.774583,56.968432
10-Pašvaldības policija-Pļaviņas,Pašvaldības policija,"1. maija iela 6, Pļaviņas",25.721889,56.621859
11-Rīgas pašvaldības policija-Rīga,Rīgas pašvaldības policija,"Valērijas Seiles iela 12A, Rīga",24.15829,56.935892
12-Rīgas pašvaldības policijas Ziemeļu rajona pārvalde-Rīga,Rīgas pašvaldības policijas Ziemeļu rajona pārvalde,"Viestura prospekts 17, Rīga",24.13203,56.998223
13-Smiltenes novada Pašvaldības policija-Smiltene,Smiltenes novada Pašvaldības policija,"Pils iela 2A, Smiltene",25.907295,57.424582
